Workbook

Sheet Team Tracker
A1: Name | B1: Department | C1: Role | D1: Joining Date | E1: Monthly Salary | F1: Rating | G1: City | H1: Bonus | J1: Department | K1: Total Salary | L1: Average Salary | M1: Headcount
A2: Aarav Kulkarni | B2: Engineering | C2: QA Engineer | D2: 45963 | E2: 70000 | F2: 5 | G2: Pune | H2: =IF(F2>=4,E2*0.1,0) | J2: Engineering | K2: =SUMIF($B$2:$B$51,J2,$E$2:$E$51) | L2: =AVERAGEIF($B$2:$B$51,J2,$E$2:$E$51) | M2: =COUNTIF($B$2:$B$51,J2)
A3: Riya Shetty | B3: Sales | C3: Inside Sales Rep | D3: 43715 | E3: 40000 | F3: 2 | G3: Hyderabad | H3: =IF(F3>=4,E3*0.1,0) | J3: Sales | K3: =SUMIF($B$2:$B$51,J3,$E$2:$E$51) | L3: =AVERAGEIF($B$2:$B$51,J3,$E$2:$E$51) | M3: =COUNTIF($B$2:$B$51,J3)
A4: Kabir Nair | B4: Marketing | C4: Content Writer | D4: 44088 | E4: 47500 | F4: 5 | G4: Pune | H4: =IF(F4>=4,E4*0.1,0) | J4: Marketing | K4: =SUMIF($B$2:$B$51,J4,$E$2:$E$51) | L4: =AVERAGEIF($B$2:$B$51,J4,$E$2:$E$51) | M4: =COUNTIF($B$2:$B$51,J4)
A5: Ananya Shetty | B5: HR | C5: Recruiter | D5: 43757 | E5: 65000 | F5: 1 | G5: Mumbai | H5: =IF(F5>=4,E5*0.1,0) | J5: HR | K5: =SUMIF($B$2:$B$51,J5,$E$2:$E$51) | L5: =AVERAGEIF($B$2:$B$51,J5,$E$2:$E$51) | M5: =COUNTIF($B$2:$B$51,J5)
A6: Vivaan Pawar | B6: Finance | C6: Accounts Executive | D6: 44330 | E6: 67500 | F6: 4 | G6: Delhi | H6: =IF(F6>=4,E6*0.1,0) | J6: Finance | K6: =SUMIF($B$2:$B$51,J6,$E$2:$E$51) | L6: =AVERAGEIF($B$2:$B$51,J6,$E$2:$E$51) | M6: =COUNTIF($B$2:$B$51,J6)
A7: Isha Pawar | B7: Engineering | C7: QA Engineer | D7: 44246 | E7: 150000 | F7: 4 | G7: Bengaluru | H7: =IF(F7>=4,E7*0.1,0) | J7: Grand Total | K7: =SUM(K2:K6) | L7: =AVERAGE(E2:E51) | M7: =SUM(M2:M6)
A8: Rohan Pawar | B8: Sales | C8: Sales Executive | D8: 44106 | E8: 67500 | F8: 4 | G8: Delhi | H8: =IF(F8>=4,E8*0.1,0)
A9: Sneha Rao | B9: Marketing | C9: Brand Manager | D9: 46310 | E9: 97500 | F9: 3 | G9: Chennai | H9: =IF(F9>=4,E9*0.1,0)
A10: Aditya Nair | B10: HR | C10: Recruiter | D10: 44114 | E10: 75000 | F10: 4 | G10: Bengaluru | H10: =IF(F10>=4,E10*0.1,0)
A11: Priya Gupta | B11: Finance | C11: Finance Manager | D11: 43878 | E11: 110000 | F11: 3 | G11: Bengaluru | H11: =IF(F11>=4,E11*0.1,0)
A12: Arjun Menon | B12: Engineering | C12: Senior Software Engineer | D12: 45679 | E12: 70000 | F12: 5 | G12: Delhi | H12: =IF(F12>=4,E12*0.1,0)
A13: Neha Rao | B13: Sales | C13: Inside Sales Rep | D13: 45581 | E13: 107500 | F13: 2 | G13: Pune | H13: =IF(F13>=4,E13*0.1,0)
A14: Karan Menon | B14: Marketing | C14: Performance Marketer | D14: 43854 | E14: 87500 | F14: 4 | G14: Nagpur | H14: =IF(F14>=4,E14*0.1,0)
A15: Pooja Gupta | B15: HR | C15: HR Manager | D15: 45973 | E15: 35000 | F15: 5 | G15: Bengaluru | H15: =IF(F15>=4,E15*0.1,0)
A16: Siddharth Mishra | B16: Finance | C16: Financial Analyst | D16: 44045 | E16: 77500 | F16: 5 | G16: Mumbai | H16: =IF(F16>=4,E16*0.1,0)
A17: Meera Bhosale | B17: Engineering | C17: Senior Software Engineer | D17: 45872 | E17: 85000 | F17: 4 | G17: Delhi | H17: =IF(F17>=4,E17*0.1,0)
A18: Nikhil Kulkarni | B18: Sales | C18: Inside Sales Rep | D18: 45909 | E18: 100000 | F18: 5 | G18: Nagpur | H18: =IF(F18>=4,E18*0.1,0)
A19: Tanvi Nair | B19: Marketing | C19: Brand Manager | D19: 44233 | E19: 62500 | F19: 3 | G19: Mumbai | H19: =IF(F19>=4,E19*0.1,0)
... A51: Swara Singh | B51: Finance | C51: Financial Analyst | D51: 43943 | E51: 92500 | F51: 5 | G51: Chennai | H51: =IF(F51>=4,E51*0.1,0)

Sheet Dept Summary
A1: Department | B1: Total Salary | C1: Average Salary | D1: Headcount
A2: Engineering | B2: =SUMIF('Team Tracker'!$B$2:$B$51,A2,'Team Tracker'!$E$2:$E$51) | C2: =AVERAGEIF('Team Tracker'!$B$2:$B$51,A2,'Team Tracker'!$E$2:$E$51) | D2: =COUNTIF('Team Tracker'!$B$2:$B$51,A2)
A3: Sales | B3: =SUMIF('Team Tracker'!$B$2:$B$51,A3,'Team Tracker'!$E$2:$E$51) | C3: =AVERAGEIF('Team Tracker'!$B$2:$B$51,A3,'Team Tracker'!$E$2:$E$51) | D3: =COUNTIF('Team Tracker'!$B$2:$B$51,A3)
A4: Marketing | B4: =SUMIF('Team Tracker'!$B$2:$B$51,A4,'Team Tracker'!$E$2:$E$51) | C4: =AVERAGEIF('Team Tracker'!$B$2:$B$51,A4,'Team Tracker'!$E$2:$E$51) | D4: =COUNTIF('Team Tracker'!$B$2:$B$51,A4)
A5: HR | B5: =SUMIF('Team Tracker'!$B$2:$B$51,A5,'Team Tracker'!$E$2:$E$51) | C5: =AVERAGEIF('Team Tracker'!$B$2:$B$51,A5,'Team Tracker'!$E$2:$E$51) | D5: =COUNTIF('Team Tracker'!$B$2:$B$51,A5)
A6: Finance | B6: =SUMIF('Team Tracker'!$B$2:$B$51,A6,'Team Tracker'!$E$2:$E$51) | C6: =AVERAGEIF('Team Tracker'!$B$2:$B$51,A6,'Team Tracker'!$E$2:$E$51) | D6: =COUNTIF('Team Tracker'!$B$2:$B$51,A6)
A7: Grand Total | B7: =SUM(B2:B6) | C7: =AVERAGE('Team Tracker'!E2:E51) | D7: =SUM(D2:D6)
